-0.00829935073852539	0.007832225412130356	-0.006206204649060965	-0.0020398322958499193	0.004870248958468437	0.0012077984865754843	0.006191332824528217	0.00023425105609931052	0.009901690296828747	0.009332227520644665	-0.0014789834385737777	0.003059974405914545	0.009230662137269974	0.007159746717661619	-0.004119476769119501	-0.001707108342088759	0.0002978580887429416	0.005795690696686506	0.0008854560437612236	-0.00812740158289671	-0.001354809501208365	0.006898548454046249	0.005456929095089436	-0.006162820849567652	0.0056073348969221115	-0.006373136304318905	0.0015828299801796675	-0.003717371029779315	-0.0017603078158572316	0.009846108965575695	-0.006721551530063152	-0.0033030365593731403	-0.008475636132061481	-0.006509522441774607	-0.009254001080989838	-0.0006517043220810592	0.003482253523543477	-0.008665935136377811	-0.0022043499629944563	-0.006692026741802692	0.009816085919737816	0.007412782870233059	0.0034530521370470524	0.001754117663949728	-0.0048997122794389725	0.0018609088147059083	-0.004565598908811808	-0.0045903767459094524	-0.00808139517903328	0.002651125891134143	-0.006974543910473585	0.008977249264717102	-0.009147915057837963	0.004701781086623669	-0.000690059328917414	-0.00554920919239521	0.0014296844601631165	0.0020913882181048393	0.003960035741329193	0.0032937130890786648	-0.006526955869048834	0.005029890686273575	0.006498337723314762	0.0050619179382920265	-0.0036190140526741743	0.0006510245730169117	-0.007048917468637228	0.005852562375366688	0.008250619284808636	0.005887622479349375	-0.009811831638216972	0.00020105706062167883	-0.004088126588612795	0.0011983787408098578	8.345029345946386e-05	-0.003799675265327096	0.009651577100157738	0.009289106354117393	-0.001028727856464684	-0.003929722588509321	-0.008875831961631775	0.006038381718099117	0.009676249697804451	-0.008978748694062233	-0.005203931126743555	-0.007906010374426842	0.0006959370221011341	0.0004281391156837344	-0.003400410059839487	-0.0036472384817898273	0.009557167999446392	0.004701730329543352	0.009072334505617619	-0.009010635316371918	0.0014507599407806993	-0.00878309179097414	0.0062325699254870415	0.009583728387951851	-0.005483492277562618	-0.001872610067948699
-0.0034761836286634207	-0.0020666182972490788	0.009046545252203941	-0.008863967843353748	0.0019620838575065136	0.0038201615680009127	-0.004023250192403793	0.0014662661124020815	-0.004551923833787441	-0.0036976186092942953	0.001027519814670086	-0.006603414658457041	-0.007176397368311882	-0.00011032831389456987	-0.0068178074434399605	-0.002809378318488598	9.004026651382446e-06	0.0010418305173516273	-0.0016886675730347633	0.001778395613655448	-0.0061246776022017	0.005724762566387653	-0.0006837123073637486	0.00033780839294195175	-0.004205974750220776	-0.005968256387859583	-0.008027635514736176	-0.0030299504287540913	-0.0021416335366666317	-0.001955716172233224	0.00046635884791612625	-0.003336662193760276	0.003916196525096893	0.0015989525709301233	7.516471669077873e-05	-0.004024099558591843	-0.007039791904389858	-0.0006558501627296209	0.0021385024301707745	0.002882602158933878	-0.004552226047962904	0.006568197626620531	0.0007654940709471703	0.00269269198179245	0.005826212465763092	0.00024834141368046403	0.007222860585898161	-0.00010534480679780245	-0.0023019409272819757	-0.002663810271769762	0.001493622548878193	-0.0028890524990856647	-0.002959268633276224	0.0007327335188165307	-0.005236648488789797	0.006707433611154556	-0.005114756524562836	0.00015269634604919702	0.00784306786954403	-0.0015454209642484784	-0.00492322351783514	-0.0012252539163455367	0.0016021988121792674	0.0021284683607518673	0.007104504853487015	0.0022565065883100033	-0.0002017160877585411	-0.005126762203872204	-0.0033232145942747593	-0.007316788658499718	-0.00010944117093458772	0.005099758040159941	0.0001701265573501587	0.00040571950376033783	0.0009018295677378774	-0.005857757292687893	-0.0017847685376182199	-0.003076246939599514	-0.0011594914831221104	0.005085112061351538	0.002980963559821248	-0.001816401956602931	0.0057859416119754314	0.0002373268362134695	0.004330230876803398	0.0053139859810471535	0.0008453150512650609	-0.007655547931790352	-0.0064162397757172585	0.00625966303050518	0.002199204871430993	0.0004065730608999729	0.003441817592829466	0.0018448431510478258	0.0021646132227033377	-0.002357932273298502	0.002523270435631275	0.004752390086650848	-0.004186642821878195	-0.003842064645141363
0.0014354903250932693	-0.004165640566498041	-8.215231355279684e-05	-0.0011051514884456992	-0.0004550977027975023	-0.0038849925622344017	-0.004170963075011969	0.0037507459055632353	-0.001880875090137124	0.000998541247099638	-0.003395089413970709	-0.0018117321887984872	-0.00361015391536057	-0.0048828087747097015	-0.003875123104080558	0.0011917301453649998	0.0029307447839528322	-0.005207614041864872	0.00013049854896962643	0.0011441686656326056	0.004455702379345894	-0.004852117970585823	-0.002733198693022132	0.006435570307075977	0.0015673825982958078	-0.002363191917538643	0.002029664348810911	-0.004655409138649702	-0.001345556927844882	0.0002183981705456972	0.002107592998072505	-0.0001589456805959344	-0.003514467738568783	0.0062137171626091	0.00042254279833287	0.000894780270755291	-0.002923215739428997	-0.0022132471203804016	-0.003739049891009927	0.003880052361637354	-0.0038412625435739756	-0.0003577684401534498	0.005091109313070774	0.0010452531278133392	0.0004003543872386217	0.0018513533286750317	0.0036257044412195683	-0.0004087513079866767	-0.0004775538109242916	-0.0023350543342530727	-0.004525796510279179	-0.0015790695324540138	0.0014578333357349038	-0.002700572833418846	-0.00026890821754932404	0.0016196834621950984	0.003624365199357271	-0.00748945027589798	-0.0027475301176309586	0.0030367476865649223	0.0013115156907588243	-0.0007494325982406735	0.0030399197712540627	0.0061815413646399975	-0.004607487935572863	0.0033016400411725044	0.0022322474978864193	-0.004329610150307417	-0.0002891311887651682	0.0017046513967216015	-0.0003931972896680236	0.0004299759166315198	0.001806769985705614	-0.0029834946617484093	-0.0028591183945536613	-0.00138454744592309	0.005379724781960249	-0.0035002175718545914	0.006144323851913214	-0.0009794702054932714	0.004271678626537323	-0.0030387199949473143	0.00019476853776723146	-0.0043897973373532295	0.0006938218139111996	8.536805398762226e-05	-0.0025559309870004654	-0.0008071116171777248	0.002995758783072233	0.0003985227085649967	-0.0032873523887246847	0.0006673290627077222	-0.00012622977374121547	0.0035275134723633528	0.0014368549454957247	-0.0033088235650211573	-0.002009608317166567	0.00013158249203115702	0.0022302584256976843	-0.0010651827324181795
-0.0008064208086580038	0.002622131025418639	0.001331261359155178	-0.005191276781260967	-0.0019236488733440638	0.003607081715017557	-0.003207007423043251	-0.00226563960313797	0.0012181538622826338	0.00583118200302124	-0.004995740484446287	0.0010888497345149517	-0.006026715040206909	0.004383720923215151	-0.0001346273347735405	-0.005036726128309965	-0.000957058509811759	-0.00368519127368927	0.0010357035789638758	0.0012337183579802513	0.00219657551497221	0.0011867767898365855	0.0017746478551998734	0.001712683355435729	-0.0012299424270167947	0.004352201241999865	0.0007948277052491903	0.0005955854430794716	0.000695487717166543	-0.0012855345848947763	-0.0016995305195450783	0.002330837771296501	0.0017107344465330243	0.0008619552245363593	-0.0006612911820411682	-0.00021960551384836435	-0.002991157118231058	-0.0022273994982242584	0.0011630854569375515	0.001369309495203197	0.002252306090667844	-0.0008442141115665436	0.0009889372158795595	-0.004147891886532307	0.0003296809154562652	0.0009483416215516627	-0.0023181431461125612	0.000282269436866045	0.0010000064503401518	0.0015716420020908117	-0.004454371985048056	-0.0021967983338981867	0.0003263968392275274	0.001828515320084989	-6.275833584368229e-05	-0.0007099044742062688	0.0006730320164933801	0.0032057901844382286	0.0032093306072056293	-0.0022056426387280226	-0.003956321161240339	-0.0023633704986423254	0.0004618039820343256	-0.002957030199468136	-0.0023417992051690817	-0.002316344529390335	-0.004570582881569862	-0.0016300049610435963	0.0003974342253059149	-0.0008118124678730965	0.0021819649264216423	-0.0006273136241361499	0.0006620020139962435	-0.0008769826963543892	0.0014884916599839926	0.0043748533353209496	0.0014265984063968062	-0.0010694545926526189	0.004811123013496399	-0.0018239490455016494	0.000367496075341478	-0.0022881629411131144	0.0015488365897908807	0.0005309504922479391	0.003203602973371744	0.0015440811403095722	4.537077620625496e-05	-0.0012990775285288692	-0.002663103397935629	0.0003013486275449395	-0.00246982229873538	-0.002390423323959112	0.0032377508468925953	-0.0014463020488619804	-0.0035324813798069954	-0.0016422091284766793	0.0015191601123660803	-0.0019084801897406578	-0.005058323033154011	0.0001383339986205101
0.0007977406494319439	0.003164727473631501	0.0008168509230017662	-0.0001548728032503277	0.001016744296066463	0.0033911040518432856	0.0022595426999032497	-0.0041105858981609344	-0.00047233724035322666	0.0017719324678182602	0.0009800607804208994	-0.0034667542204260826	-0.00029467808781191707	0.0014459408121183515	0.0044484506361186504	-0.0012866717297583818	0.001856814487837255	-0.0021534250117838383	0.0007206418085843325	0.0027854987420141697	0.003127028699964285	-0.0007085473043844104	0.0010876980377361178	-0.0020467359572649	0.00323476386256516	-0.0010122028179466724	0.002881498308852315	0.0005324194207787514	0.0006924347253516316	0.003521316684782505	0.0009463382884860039	-0.00025599589571356773	-0.00011214648839086294	0.001416164101101458	-0.0012604071525856853	0.0001813117414712906	-0.0011181255104020238	0.0013643887359648943	-0.0008167752530425787	0.001838891301304102	-0.0010363854235038161	0.000691340072080493	-0.0005736103048548102	0.002678193151950836	-0.0006317358929663897	-0.0019381180172786117	0.001292029395699501	0.0030345343984663486	-0.0017109743785113096	0.0016708208713680506	-0.00013580243103206158	0.0023381696082651615	0.0028014807030558586	0.0013715458335354924	2.5478657335042953e-06	0.002375193638727069	0.0003861526492983103	9.156414307653904e-05	-0.004392819479107857	0.0011878479272127151	-0.00025068485410884023	0.001330394297838211	-0.0005692960694432259	-0.0006088996306061745	0.004231182858347893	-0.0011195739498361945	-0.00278230058029294	-0.002170854015275836	-0.002866078168153763	0.0017086365260183811	-0.0020643712487071753	0.0011905957944691181	0.0005852803587913513	0.002553656231611967	-0.0003598746261559427	0.000670713372528553	-0.0020059733651578426	-0.003509694943204522	-0.0009091704851016402	-0.00010868260869756341	0.000510386424139142	0.001688820542767644	0.0007347174687311053	-0.001493562594987452	-0.0017688425723463297	0.00022015435388311744	0.00028888857923448086	-0.0010596815263852477	-0.0023338203318417072	0.0018895958783105016	0.0027632364071905613	0.00030162185430526733	0.0015181642957031727	0.001445206580683589	0.0027316678315401077	0.004303297493606806	-0.0016660942928865552	-0.0037201696541160345	-0.002018303144723177	-0.0018651662394404411
0.0006685401895083487	-0.0012691770680248737	-0.0007775122649036348	-0.0018444862216711044	0.0019860872998833656	0.0014377624029293656	-0.0018404079601168633	-0.0001714521349640563	-0.0024200277402997017	0.003177589736878872	0.0009442814625799656	-0.0009402132709510624	0.0005188050563447177	0.0002832952013704926	-0.0022069558035582304	-0.0012616728199645877	0.0004636211378965527	-0.0015581821789965034	-0.0010260239941999316	-0.004218592774122953	-0.00046345521695911884	8.743908983888105e-05	0.0005352964508347213	-0.00010793653200380504	0.0013711836654692888	0.0005875822971574962	0.0007504849345423281	-0.00041417739703319967	-0.0009892513044178486	4.121638266951777e-05	0.0010750989895313978	-0.0018704845570027828	-0.0034871501848101616	-0.0012882963055744767	-0.0006932742544449866	0.003230062546208501	-0.001507836626842618	0.00017155680689029396	-0.00016703996516298503	0.00026862870436161757	-0.0005511463969014585	-0.002453067572787404	0.0002647213404998183	0.00010732385271694511	0.00027898448752239347	-0.0014268902596086264	-0.00036090987850911915	-0.0026905639097094536	-0.0006158337346278131	0.00042361236410215497	-0.0003008687635883689	0.00047050812281668186	-0.0007794037810526788	-0.0013783184112980962	-0.00014525902224704623	-0.0005947462050244212	0.0001981873210752383	-0.002668118802830577	0.0015574670396745205	-0.002705029444769025	-0.0023178732953965664	0.0015972243854776025	-0.003390079829841852	-0.0013957255287095904	0.0016515289898961782	0.0015803682617843151	-0.003989081364125013	0.000558032828848809	-0.0008969877380877733	0.004265535622835159	-0.0017297595040872693	0.00021655685850419104	0.0008737175376154482	-0.003646127413958311	-0.0007161161629483104	0.0018464671447873116	0.0010386623907834291	-0.0006127742235548794	-0.0020230028312653303	0.00013691812637262046	0.0028834969270974398	0.0011246356880292296	7.005695078987628e-05	0.0011199559085071087	0.0026831598952412605	-0.0012357702944427729	-0.0030229107942432165	-0.0020117408130317926	-0.004988527856767178	0.0005611826200038195	-0.0006040196749381721	0.00169427040964365	-7.167525473050773e-05	0.00197521666996181	-0.00015409194747917354	-0.0012304456904530525	-0.0003186118556186557	-0.0013761217705905437	0.0026015816256403923	-0.0023887259885668755
-3.319841925986111e-05	-0.00033238326432183385	0.0008268756791949272	-0.0024267297703772783	-0.0010028890101239085	-0.00010155333438888192	-6.577219028258696e-05	0.00037071455153636634	-0.0008380957297049463	-0.0001552818575873971	-0.0009311285684816539	-0.0013578732032328844	-0.0013704142766073346	-0.00029206223553046584	0.0008970571798272431	0.00045247169327922165	-0.0008768574334681034	-0.0002028023882303387	-0.0012111233081668615	0.002430202206596732	0.0003184156958013773	0.0014214159455150366	-0.00022246676962822676	0.00020320848852861673	0.0008312745485454798	0.0007676313980482519	8.042665285756811e-05	0.000973198504652828	-0.0011550624622032046	0.0003672573948279023	-0.00033169047674164176	-0.0006092642433941364	-0.0007005786756053567	-0.00040493422420695424	0.0021777150686830282	0.0002763453812804073	-0.001253583817742765	-0.0005452623590826988	0.00013177363143768162	0.0009260096121579409	-0.0018706506816670299	-0.00018184153304900974	0.0006279394729062915	0.0013121499214321375	0.0009278400102630258	0.0010972707532346249	-0.0017847897252067924	-0.00034897623118013144	0.0016354821855202317	-0.00034298645914532244	0.0010269785998389125	-7.588097651023418e-05	-0.0002340246137464419	0.0005609724321402609	-0.0006471152300946414	0.0009982384508475661	0.000646266620606184	0.0016241425182670355	0.0008263889467343688	-0.0004118850629311055	-0.00022340580471791327	0.00024313507310580462	0.0014001819072291255	-0.0008574938401579857	0.0008628747891634703	-0.00041048755520023406	-0.000758729875087738	-0.0002252451959066093	-0.00018603727221488953	0.0011826567351818085	8.072722266661003e-05	-0.0031157326884567738	-0.002399648306891322	6.887195922899991e-05	0.0009828630136325955	0.0002984429884236306	0.0020911076571792364	-0.0012627099640667439	0.0006139295292086899	-1.211056314787129e-05	-0.0008458431693725288	0.0008408809662796557	0.0008076470112428069	-0.0007583535043522716	-3.177986582159065e-05	-0.0002848863950930536	0.0005196424317546189	0.0002583895984571427	0.0004586372524499893	0.0002455451467540115	0.0007680229027755558	-0.0004941653460264206	-0.00020747380040120333	-0.0019856635481119156	0.002081128302961588	0.0007727803895249963	0.0013237587409093976	-0.0017872585449367762	-0.00017924421990755945	0.0011300978949293494
-0.0003124532231595367	0.0020170588977634907	0.0025642761029303074	0.00026274684933014214	0.0001735266559990123	-0.0015983209013938904	-0.0026393337175250053	0.00043309785542078316	0.0005368581623770297	-0.0019830132368952036	0.0008335824823006988	-0.001231187954545021	0.0024910818319767714	0.00046281982213258743	0.0020538056269288063	-9.899622818920761e-05	0.001145782065577805	-0.001178200007416308	0.0010068535339087248	-4.7574794734828174e-05	-0.0025519642513245344	-0.0023878542706370354	-0.0007220928673632443	-0.00017483922420069575	0.0028851618990302086	-0.00012232492736075073	-0.00012499398144427687	-3.240349542465992e-05	0.0004600746324285865	0.00010850140824913979	-0.0012683726381510496	-0.0005833477480337024	0.0006770390318706632	0.0029878474306315184	-2.1126747014932334e-05	-0.000598288606852293	0.0008109097252599895	-0.0009145833319053054	0.0004220578703097999	-0.001976639498025179	0.0031485233921557665	0.00010202719568042085	-0.0024425180163234472	0.00022123924281913787	0.0007317294948734343	0.0007615875219926238	0.0008327942341566086	0.0017147073522210121	0.0006439996068365872	0.0016887421952560544	-0.00270962156355381	0.0014063505223020911	0.0013299999991431832	-0.0033343827817589045	-0.0023631970398128033	0.001299475785344839	0.0005464067216962576	0.0004639389517251402	0.0027285662945359945	0.0017552676144987345	-0.0010728975757956505	-0.002625160850584507	0.00017040189413819462	0.0005074217915534973	0.00014105644368100911	-0.0018607053207233548	-0.001563961268402636	0.00020402949303388596	-0.0021297435741871595	-0.00032215597457252443	-0.000888736336492002	0.000412695633713156	0.0004850443219766021	0.002427758416160941	0.001593808294273913	0.0023595266975462437	-0.0006869343342259526	-0.0022292558569461107	-0.0020004459656774998	0.0007557061617262661	3.5413584555499256e-05	-0.00334930419921875	0.0017087145242840052	0.0009020320721901953	0.0016035198932513595	0.0019080615602433681	0.0007318808929994702	-0.0005316901952028275	-4.231874845572747e-05	0.000877780606970191	0.0010143371764570475	-0.0002791064325720072	-0.0009995654691010714	0.0008558721165172756	-0.0009588067186996341	-0.0008602479356341064	0.0004713948583230376	0.003294222056865692	0.0022984936367720366	0.00019492729916237295
0.0007369406521320343	-5.704906288883649e-05	0.0004459202173165977	-0.00021503395691979676	0.001986744115129113	-0.0005321043427102268	0.0009052176610566676	-0.0004701215075328946	5.397856148192659e-05	-0.0005457329680211842	0.0018930280348286033	0.0007237967220135033	-0.0011965569574385881	-0.0011634582187980413	-0.0011086909798905253	0.0002958564436994493	0.00022922335483599454	0.00048786067054606974	0.0006840586429461837	-5.848153705301229e-06	0.0002975592215079814	-0.0016040382906794548	0.0002675532887224108	9.278138168156147e-05	-0.00037062523188069463	-8.217821596190333e-05	-0.0004929226124659181	-0.0011929591419175267	0.0010448233224451542	-0.00027545454213395715	-0.00011798744526458904	0.0004285444156266749	-0.0005878240917809308	-0.0008922606939449906	0.0005063526914454997	0.0017212871462106705	0.0008536631357856095	-0.00016142449749168009	-0.0004482619697228074	0.001891851075924933	-0.0010942999506369233	0.00042269681580364704	0.0004934006137773395	-0.0017303625354543328	0.00018900384020525962	-8.995762618724257e-05	-0.00032061131787486374	0.001576034352183342	-2.8168404242023826e-05	0.00108858454041183	-0.0002664816565811634	0.0009503491455689073	0.0004868449759669602	-0.0010208308231085539	0.0006754985661245883	0.0017033284530043602	0.0006974124116823077	-0.0009502729517407715	-0.0005183988832868636	0.0007855380536057055	-0.00019085707026533782	0.0006651896983385086	0.00024546790518797934	0.0018300559604540467	-0.0015418451512232423	-0.00021025541354902089	0.0002108605403918773	0.0009839333361014724	-0.00030397361842915416	-1.5287108908523805e-05	0.0002963550214190036	0.0009298054501414299	-0.0005739610642194748	0.0006856332183815539	0.00013086180842947215	-0.0001548001600895077	-0.0005165886250324547	0.001773600117303431	-0.0006495520356111228	0.00027637381572276354	-7.052781438687816e-05	-0.0002514812513254583	-0.0009543224005028605	-4.29747233283706e-05	3.156036473228596e-05	-6.094504351494834e-05	0.0016453465213999152	0.0021834634244441986	0.0017700191820040345	0.0008066490991041064	0.0002757944748736918	0.00015759382222313434	0.002131086541339755	8.536954555893317e-05	-0.0003843938757199794	-0.0006519677699543536	0.00011012396134901792	0.0005455515347421169	-0.0011999276466667652	0.0003345832519698888
0.0006765181315131485	-0.0005002605030313134	0.00040666208951734006	-0.0015264562098309398	-0.0008520094561390579	0.0009745673160068691	-0.0028013382107019424	0.0016140709631145	-0.0010911893332377076	0.00028236667276360095	-0.0016108191339299083	0.0015516197308897972	0.0010306243784725666	-0.0015730038285255432	-0.00015758529480081052	-0.001284443074837327	-0.0027771275490522385	0.001765374792739749	-0.0001807038497645408	-0.0006769861793145537	-0.0009888760978356004	0.00029838280170224607	-0.0001695123064564541	-0.0003734296769835055	-0.0013477011816576123	0.001226845197379589	8.68898587214062e-06	-0.00037311544292606413	0.00276669068261981	-0.0015431849751621485	-9.240658982889727e-05	0.0008071110351011157	-0.00039119849679991603	-0.00038886588299646974	-0.0017448574071750045	0.0006309801829047501	-0.0009031409281305969	0.0003536156436894089	0.00024739382206462324	0.00012810803309548646	0.0021984479390084743	0.001366572454571724	0.0011797043262049556	-0.00010503913654247299	0.0008052017074078321	0.00011731583072105423	-0.0005413625040091574	-2.2766603251511697e-06	-0.0022090328857302666	-0.002409790875390172	0.0031929342076182365	-6.6054690250894055e-06	-0.0002506607270333916	0.001694762147963047	0.0012709529837593436	0.002230455633252859	-0.0008495943038724363	0.002261135494336486	0.0009997833985835314	0.00017454259796068072	-0.0008250436512753367	-0.0024783287663012743	-0.00046968008973635733	-0.0005828362191095948	0.0006094332784414291	-0.0011846628040075302	-0.0027291395235806704	0.0007520222570747137	-0.0008900023531168699	0.002538604661822319	0.0007394938729703426	0.0015911126974970102	-0.0008984435116872191	0.0009784403955563903	0.0025597012136131525	0.00016590072482358664	-0.0013025453081354499	-0.001050280756317079	0.001056318636983633	-0.0012361330445855856	0.00015601863560732454	-0.000910121132619679	0.002592068165540695	-0.002063566353172064	0.0003074200649280101	-0.0008093867218121886	-0.0014125555753707886	0.001786047825589776	0.00011129808990517631	-0.0014003027463331819	-0.0013082000659778714	-4.905830792267807e-05	0.0026609888300299644	-0.0017585097812116146	-0.0012012575753033161	-0.0006619424093514681	-0.00015166791854426265	0.0005354160093702376	-0.0016401129541918635	-0.0007789864903315902
0.001607904676347971	0.00040428171632811427	0.00031668160227127373	8.261604671133682e-05	-0.0007723235758021474	-0.0018050536746159196	0.0003514376876410097	0.0008177760755643249	-6.61004196444992e-06	-0.0005385290132835507	5.448334195534699e-05	0.0009342068806290627	6.207902970345458e-06	1.16392848212854e-05	0.0015183540526777506	-0.00015865096065681428	0.0019226822769269347	-0.0011684156488627195	-0.0009149167453870177	-0.0018565681530162692	-0.00043210398871451616	0.0015124884666875005	0.00013094967289362103	-0.001304958714172244	0.0019014808349311352	-0.0013377184513956308	0.00041320559103041887	0.000589084520470351	-0.001113544567488134	-0.0006192130385898054	0.0002555202227085829	-0.0010821588803082705	0.0008953771321102977	0.00011480818648124114	0.0003519242163747549	-0.0007191382464952767	-0.0006374169606715441	0.0009325839928351343	-0.0009156198357231915	4.7228644689312205e-05	0.000717251910828054	-0.0009403834701515734	-0.00013643366401083767	-7.252097566379234e-05	0.0016207554144784808	0.0003891271771863103	-0.0009052837849594653	9.582499842508696e-06	0.0006234945612959564	0.00023950995819177479	-0.0014191960217431188	0.0006785107543691993	0.0008108505862765014	-0.00034786105970852077	0.00046402288717217743	-0.0015648652333766222	0.001306047081016004	0.001735492143779993	0.00021955127886030823	-0.0016704975860193372	0.0011459111701697111	-0.0009513146942481399	0.0003391716454643756	0.0003830211644526571	0.001134938676841557	-0.0005625692429021001	0.0017504203133285046	-0.0008742792997509241	-0.00023279663582798094	0.0014379952335730195	0.00026371300918981433	0.0019870763644576073	0.000540581124369055	-0.0017851593438535929	-0.0017839359352365136	0.000334890210069716	0.0009042388992384076	-0.0014207764761522412	0.0001989848242374137	-0.001054008025676012	0.0010912290308624506	0.002095967996865511	-0.00013631291221827269	0.00181107921525836	-2.586930804682197e-06	0.0006950577371753752	-0.002893712604418397	-3.218165147700347e-05	-0.00032060625380836427	0.00016872533888090402	-1.662645627220627e-05	0.0008886646246537566	0.0014271739637479186	0.00034820573637261987	-0.0010122417006641626	0.0005255322903394699	0.0018943850882351398	-0.0001484147214796394	-0.0019321962026879191	-0.0008226795471273363
0.0005991904181428254	-0.0003646743716672063	-0.0015659368364140391	-0.0005747592076659203	-0.0003080211754422635	0.0002813808969222009	-0.0005752634024247527	-6.995933290454559e-06	-0.0004564522241707891	0.001073618303053081	-0.00057376449694857	0.000564980786293745	0.0011635653208941221	0.00036137818824499846	0.001341672264970839	0.0004659588448703289	0.00016095857426989824	-0.00023869458527769893	-0.0007125675329007208	0.0007729107746854424	0.0005792271695099771	0.0002601230808068067	-0.0006617654580622911	0.0018051053630188107	-0.000877506798133254	0.0016973238671198487	-0.0008458405500277877	-0.00043417574488557875	0.0003022498858626932	-0.0003093469422310591	0.00010420970647828653	0.0025739152915775776	-0.00041321496246382594	-0.0009145965450443327	0.000884784385561943	-0.0005812164163216949	0.0016788496868684888	-0.000925661064684391	-0.0009425919852219522	0.001420167158357799	0.0007673874497413635	0.0003866412444040179	-0.0005169524811208248	0.00032900989754125476	7.337160059250891e-05	0.0012457482516765594	0.0025457898154854774	-0.000449860846856609	0.0001001119235297665	0.0005676113069057465	-0.0007792414980940521	-0.00045403410331346095	-5.2305687859188765e-05	-3.8427970139309764e-05	-0.0007885458180680871	0.0011421592207625508	0.0021694425959140062	-0.0003987260570283979	0.0006236834451556206	-0.0003961343318223953	0.0011536097154021263	-0.0020355074666440487	-0.00024198295432142913	0.0006401051650755107	0.0010285257594659925	-0.0006988998502492905	0.0014620883157476783	0.0013967023696750402	-0.0014880385715514421	0.00012672506272792816	-0.0004080749931745231	0.0001399367902195081	-0.0011330216657370329	0.000710570253431797	-0.0011049633612856269	-0.0003589501138776541	-0.0005519253318198025	-0.0013252857606858015	0.00025991362053900957	-0.0013302848674356937	0.0009569108951836824	-0.0010615637293085456	-0.000706108461599797	0.000527836091350764	0.0021534492261707783	0.0011095637455582619	0.0014869632432237267	0.0011441494571045041	0.0007305510807782412	-0.0009224108653143048	0.0010808940278366208	0.0011523590655997396	-1.894696833915077e-05	-0.0014526587910950184	-0.0001685012539383024	0.0004396113217808306	-0.001222800463438034	-0.00029025424737483263	-0.00047678156988695264	-0.0012920079752802849
8.409679139731452e-05	-0.00018716220802161843	8.655184501549229e-05	-0.0009568334789946675	-0.0012776851654052734	-0.0006736004143022001	0.0005555194220505655	-0.0006442054873332381	0.00044033225276507437	-0.0009509137598797679	0.0007206936716102064	-0.0004557827196549624	0.0012167321983724833	-0.0005650906823575497	0.0010490114800632	-0.0015455441316589713	-0.0002931691997218877	-0.00033701377105899155	0.0007750477525405586	-0.00108853739220649	2.782472802209668e-05	0.0004377220175229013	-0.0005591179942712188	0.0006074990378692746	-0.0015082532772794366	-0.0012012604856863618	0.0003315542999189347	-0.0007498790509998798	0.0015140092000365257	-0.0007498312625102699	-0.0005280099576339126	0.0010136780329048634	0.0001354862324660644	0.0008208228973671794	0.0004391328839119524	-2.834994302247651e-05	-0.0006836465327069163	-7.450342673109844e-05	-0.0002218900335719809	0.0021977878641337156	0.00040674873162060976	-0.0002457183145452291	0.0005718331085518003	-0.0010052155703306198	-0.0014616393018513918	-0.001980283996090293	-8.759350021136925e-05	-0.0017036409117281437	0.001797650707885623	-0.00039213558193296194	-0.0013839512830600142	0.0007862754282541573	-0.000815325416624546	0.0009807165479287505	-0.00034387866617180407	-0.0005073677748441696	-0.0005370831931941211	0.00020833448797930032	-0.0008456665673293173	-0.0012103350600227714	-0.0002771439030766487	0.0003159103507641703	0.001054522581398487	0.0016973280580714345	0.00010924349771812558	-0.000193886473425664	-0.0016555512556806207	0.00028698588721454144	0.00019073541625402868	-8.102844731183723e-05	0.000863586668856442	0.0021693408489227295	-0.0005336054600775242	0.00046700763050466776	0.001154545578174293	0.00017719321476761252	0.001014333451166749	5.5156855523819104e-05	-0.00029309449018910527	0.0003975348954554647	0.0004524538526311517	-0.0006679366924799979	0.0010232465574517846	4.3563823055592366e-06	-0.0006212297012098134	-0.000396008777897805	0.0015760762616991997	-0.0003811010392382741	-0.00025505799567326903	0.0015469356440007687	0.0009063485777005553	-0.0006669705035164952	0.0008736677700653672	0.0015650499844923615	-0.0015900935977697372	-1.8163376807933673e-05	0.0004822918272111565	-0.0023770465049892664	0.0008452663314528763	-0.0010830449173226953
-0.0005593606038019061	-0.00035051320446655154	-4.429492946655955e-06	0.00011965755402343348	-0.0008481090189889073	0.0002644787891767919	-0.0007526837871409953	-0.0006216050824150443	0.0002916016965173185	0.000178863963810727	0.00036016799276694655	0.0023008433636277914	0.00020318196038715541	-0.00024064809258561581	-0.0014444434782490134	0.0005891741602681577	-0.00029658415587618947	-0.00036016266676597297	-3.082079638261348e-05	0.0006652017473243177	0.000145172409247607	-0.0010556939523667097	-9.402956493431702e-05	0.0010377352591603994	0.0014502201229333878	0.001485646003857255	0.00012522705947048962	0.00017155935347545892	0.0004331837117206305	0.0010784566402435303	0.0013708665501326323	0.00020961584232281893	-0.001290621585212648	-0.0002886790316551924	0.000707222439814359	-0.0007112525054253638	8.708016684977338e-05	-0.001062616822309792	0.0004929507849738002	0.0013947697589173913	-0.0005052745691500604	-0.000277688232017681	-0.0006433448288589716	-0.0006232049781829119	-0.0012112129479646683	0.0005448519950732589	0.0007412625127471983	-0.0019735749810934067	3.709666270879097e-05	2.2475020159617998e-05	-0.0007749262731522322	0.0008081547566689551	-0.0015238291816785932	-0.0002103678125422448	0.0005659069865942001	0.0016432557022199035	0.0005183449247851968	0.0005261320620775223	-0.001457836595363915	8.580424764659256e-05	-0.0010046812240034342	8.449402230326086e-05	0.0010627803858369589	0.0010198658565059304	4.562662070384249e-05	0.0005341232172213495	-0.0009150984697043896	0.00045982058509252965	-0.0014127726899459958	1.84988857654389e-05	-0.0015126133803278208	0.00018585319048725069	0.00023361670901067555	-0.0014313783030956984	0.000475554057629779	0.0006764059653505683	-0.0005939648835919797	-0.0010771516244858503	-0.0010549112921580672	-0.0002963005972560495	-0.0003320606774650514	0.00088021025294438	0.0006509568192996085	-0.0003244861727580428	-0.0005503494176082313	0.0005712540587410331	0.0007681563729420304	0.001943536102771759	-0.000963150872848928	-0.00022720731794834137	-0.0005533100920729339	0.00013126579870004207	0.002271744655445218	-0.0003409684868529439	-0.0005996668478474021	-0.0012006800388917327	-0.001573281129822135	-0.001588137005455792	0.0008220749441534281	3.2983673008857295e-05
-0.00113675429020077	-0.001883982797153294	-2.084899097098969e-05	-0.0003272646281402558	-0.00043874478433281183	-0.0019962855149060488	-0.001823051949031651	-0.00030146335484459996	-0.0019385351333767176	0.0011115315137431026	0.00021904255845583975	-0.0008315082523040473	0.0003020417061634362	-0.0006535614957101643	0.0006703354883939028	-0.0011810826836153865	-0.0023591709323227406	0.0004326108319219202	-0.0005189910298213363	0.0026489554438740015	0.0002857210347428918	0.001343467622064054	0.00014396854385267943	-6.47465858492069e-05	0.00025326519971713424	-0.00022964314848650247	0.0014792998554185033	0.0008570951176807284	-0.001131147611886263	-3.212727824575268e-05	-0.00019250389595981687	0.0012039755238220096	-0.0012909048236906528	0.0003558883327059448	0.0007966383709572256	0.0011268641101196408	-0.0014040793757885695	-0.0006674640462733805	0.0005675370921380818	-0.0004922403022646904	-0.0017863697139546275	-0.0007799399318173528	-0.00015194869774859399	0.0006209122948348522	0.0009777512168511748	0.00012213601439725608	-0.001657753367908299	-7.720627036178485e-05	0.003214961150661111	0.00015451002400368452	0.0002679708122741431	0.0016410660464316607	0.000728559447452426	0.0012769678141921759	-0.00014988964539952576	-0.0003254485491197556	0.0010853625135496259	-0.0013846680521965027	0.0015002364525571465	0.002013159915804863	-0.0002485033473931253	2.0499497622950003e-05	-4.689628440246452e-06	0.0014124781591817737	-0.0006477709393948317	-0.002537509659305215	-0.001843460719101131	-0.0018089140066877007	-0.0016817073337733746	0.0015411506174132228	0.0010772860841825604	-0.003154912730678916	9.385176963405684e-05	-0.002322677057236433	-0.000278045074082911	1.4438038306252565e-05	0.0016681025736033916	0.0019838688895106316	0.0007620418327860534	0.001078263740055263	-0.0009995083091780543	-0.001057707122527063	0.00045170672819949687	-0.0019495674641802907	-0.0010933422017842531	0.00029125166474841535	0.0005361281801015139	-0.0019547988194972277	-0.001415480743162334	-0.0015785649884492159	-0.000387486390536651	0.0010034206788986921	-0.0013141875388100743	-0.0020514996722340584	0.0004551559395622462	0.0017476985231041908	0.0011774578597396612	-0.0011320338817313313	-0.0007228502072393894	0.0016034962609410286
-0.00041107641300186515	-6.166459934320301e-05	-0.002546497853472829	-0.0014445591950789094	-0.0013844671193510294	0.00153758202213794	-0.0026562612038105726	-0.002794702537357807	-0.0003222640953026712	0.0016662911511957645	-0.001022667158395052	-0.0023915537167340517	0.0009217594633810222	-0.0013045809464529157	0.0010870464611798525	-0.0015778710367158055	0.0005211196839809418	-0.0026007439009845257	0.002241962356492877	-0.003573939437046647	0.0021937929559499025	-0.0009150465484708548	-0.0028713650535792112	0.000259591470239684	0.0019825859926640987	-0.0009641951182857156	-0.0029101797845214605	0.004153810441493988	-0.0017916414653882384	-0.0003603618824854493	0.0006142820348031819	0.000956363626755774	0.005644673947244883	-0.0004332146199885756	-0.0024582960177212954	-0.0011446282733231783	-0.00014711188850924373	5.6761786254355684e-05	0.0010298120323568583	0.001264324993826449	-0.001964231487363577	0.0011348144616931677	0.0041286274790763855	-0.002276181010529399	0.0010730052599683404	-0.00031280703842639923	-0.0031086476519703865	0.0020925942808389664	-0.004061099607497454	0.006085470784455538	-8.667287147545721e-06	0.004211568273603916	0.001987266819924116	0.0002887287409976125	0.0029054200276732445	0.0031017898581922054	0.0012568687088787556	0.0026881990488618612	-0.00082283845404163	-0.00038549333112314343	0.0037455044221132994	-0.000925109488889575	-0.001279268879443407	0.0021507437340915203	-0.00319434842094779	0.0015337851364165545	0.002966588130220771	0.0005914577632211149	-0.0023333136923611164	-0.00011043823178624734	0.00010118613863596693	-0.00022312068904284388	2.6813975637196563e-05	-0.0007077723275870085	0.002546334406360984	-0.0013206989970058203	0.0006422970327548683	-0.000715535250492394	0.0028060483746230602	0.001475236495025456	0.003693145699799061	0.003989177756011486	-0.0021500110160559416	0.0004701425787061453	-0.000479768990771845	0.0015770752215757966	-0.00027764131664298475	-0.0028088523540645838	-0.001161078573204577	-0.0004380207974463701	-0.0019283333094790578	0.00223084120079875	0.0008255353313870728	0.0020923481788486242	0.0022169791627675295	-0.0001636025117477402	0.0030496299732476473	0.001113243168219924	0.003024542471393943	-0.0012873290106654167
0.0005576551193371415	0.0007022742065601051	-0.002178698778152466	0.0015162094496190548	0.00015351874753832817	-0.0015990971587598324	-0.0006618175539188087	5.693469211109914e-05	0.0019521262729540467	-0.0005429110606200993	-0.0009105278295464814	-0.0010896375169977546	-0.0016303618904203176	-0.001291119959205389	-0.0006046052440069616	0.0008792646112851799	-0.00039983337046578526	-0.0005135704996064305	-0.0013709916966035962	-0.0009273625910282135	0.002347383415326476	-0.0009599039913155138	0.0017396543407812715	-3.6946450563846156e-05	-0.0008028084994293749	-0.0008375623147003353	-0.00044606125447899103	-0.0013262047432363033	-0.0006189646082930267	0.0018859276315197349	0.0012995379511266947	-0.0008520786068402231	-0.0008274224819615483	-0.0012585214572027326	-0.0015704883262515068	-0.0018618482863530517	-0.0019324496388435364	0.0008132188231684268	0.0011686673387885094	0.00023862754460424185	-0.0002530762867536396	0.0006858180859126151	0.0010276086395606399	0.0023144769947975874	0.0012201284989714622	0.0022697874810546637	0.00012737835641019046	-0.0012165061198174953	-0.0008737033349461854	0.00018032637308351696	-0.00010598757216939703	-0.0003270905581302941	-0.0008696835138835013	0.0001013489963952452	-0.0005262647173367441	0.0008972149225883186	0.0004138981457799673	0.00031799872522242367	-0.0005718937027268112	-0.0003771761548705399	-0.00013226488954387605	-0.0002649978268891573	0.0007493957527913153	0.0005409290315583348	-0.0018003674922510982	0.003489603754132986	-0.0001390841498505324	-0.0012143664062023163	0.0007097444031387568	-0.00018668227130547166	-0.002360687358304858	0.0015501814195886254	-0.0007661365671083331	-0.000906728208065033	0.0008959939586929977	0.000530287972651422	-0.00013200088869780302	2.991221845149994e-05	-0.0013253208016976714	-0.00017749788821674883	-0.0005960704293102026	1.0371134521847125e-05	-4.22991652158089e-05	0.00020897452486678958	0.0005775612662546337	0.003591640153899789	-0.0012814576039090753	-0.0007647101883776486	0.0006785455625504255	0.0032664465252310038	0.00023445303668268025	6.95655689924024e-05	0.0007481350330635905	-0.0008840974769555032	-0.00034109517582692206	-0.00032846987596713006	-0.0005604603211395442	0.0015649267006665468	6.705277337459847e-05	0.002015654928982258
-0.0004056221805512905	-0.0007330687949433923	0.001578811090439558	-0.0002638428413774818	-7.058611663524061e-05	-0.0004861019260715693	-0.00041709281504154205	-0.0014059252571314573	0.0014922043774276972	5.6533233873778954e-05	0.0017951414920389652	0.0003076289431191981	-0.0007324659381993115	-6.350840521918144e-06	-0.0006775791407562792	0.0007900071213953197	-0.00016838223382364959	0.0006549565005116165	-0.001452169381082058	-0.0005025379359722137	0.0004045280802529305	0.00013479900371748954	0.001070347847416997	-0.0006206933176144958	-0.0012734992196783423	-0.00021718208154197782	-0.0009492785902693868	-0.00028813519747927785	0.0009720853413455188	-0.00017958319222088903	-0.0005869371234439313	-0.0014058295637369156	0.0003093379782512784	0.00010650791227817535	-3.0220891858334653e-05	-0.000961488054599613	0.0008756285533308983	-0.0006811392377130687	0.001064613345079124	0.0010525117395445704	0.000621085288003087	-0.00038607435999438167	0.0008392548188567162	-0.00040041428292170167	0.0005397576605901122	-0.0006168513209559023	-0.000534252030774951	-0.001165864639915526	0.0008851983002386987	-0.0009630878921598196	-0.0006730181630700827	-0.0005345162353478372	0.0001004137666313909	3.8468158891191706e-05	0.0009940497111529112	-0.0008725630468688905	0.00013339953147806227	-0.0014272418338805437	-6.495974957942963e-06	-0.00048277367022819817	0.0003801626735366881	0.0008466228609904647	0.0007135334308259189	0.0008325359085574746	-5.448180309031159e-05	-0.0010237233946099877	0.00038499815855175257	9.635115566197783e-05	0.002616600599139929	0.0018739079823717475	-0.0027429088950157166	0.0007524144020862877	0.0010963373351842165	0.001971383113414049	-0.00014379454660229385	-0.00029848687699995935	0.001204365398734808	0.0007352538523264229	0.0006066939677111804	0.0018763040425255895	-0.00031475769355893135	-0.0024008958134800196	-0.00011434592306613922	-8.413568139076233e-05	-0.0007786355563439429	-0.0008933295030146837	-0.0006745312712155282	-0.0004877194296568632	0.0004746828635688871	-0.00020450017473194748	-0.000592321390286088	-3.2892832678044215e-05	0.0007360900053754449	-0.0005664390628226101	0.0001214644726132974	0.00025878360611386597	0.00127963547129184	-0.00030698702903464437	0.0009095738641917706	0.0010680214036256075
-0.0011700750328600407	7.796281715855002e-05	-0.0007939568604342639	0.00013914114970248193	-0.0010938814375549555	0.00016945011157076806	-0.0008573016966693103	-0.001397623447701335	-0.0002106699685100466	-2.7994545234832913e-05	-0.0004152561305090785	0.0012061118613928556	0.0010387423681095243	-0.00023858454369474202	0.000859784719068557	-0.0006057058926671743	0.0007798884180374444	-0.0018002334982156754	0.0011670455569401383	9.614935697754845e-05	0.0011843822430819273	-5.631327076116577e-05	0.0011882829712703824	0.0019140117801725864	0.0010082324733957648	0.0009947889484465122	-0.0004739043943118304	0.0001610992185305804	0.00046426098560914397	-0.0006995921139605343	-0.0008336842874996364	-0.0013982955133542418	0.0006841126596555114	0.002310360549017787	-0.0008389070280827582	-0.0006186698446981609	0.0024863940197974443	0.0001387440279358998	-0.0018956527346745133	-0.001031646504998207	-0.000338037614710629	0.0013054257724434137	0.000373629096429795	0.0006394293159246445	-8.619095024187118e-05	-0.00017518502136226743	-0.000750725157558918	-0.00016508667613379657	0.00021141710749361664	-0.0012575791915878654	0.00045979415881447494	0.002012234879657626	-0.0007805165369063616	0.0014465778367593884	-0.00011818925850093365	2.8519405532279052e-05	-0.00015905576583463699	-0.0003315169014967978	-0.0003325088182464242	0.0008790188003331423	5.088819671072997e-05	-0.0007050730637274683	-0.0004409291432239115	0.0013098646886646748	0.002092331647872925	-0.0012116896687075496	7.567981083411723e-05	0.00010286010365234688	-0.0007995422347448766	-0.0004067802510689944	-0.0007598523516207933	-9.545085049467161e-05	0.002828012453392148	-0.0006504914490506053	0.001265077036805451	0.0016524996608495712	-6.676404882455245e-05	-0.00042078510159626603	5.980095738777891e-05	0.0006789849721826613	0.00120858836453408	-5.227260771789588e-05	0.0015821597771719098	-3.1706553272670135e-05	-0.0004851601261179894	-0.00019548251293599606	0.0003195965546183288	0.0017176993424072862	0.0010121148079633713	0.0013230370823293924	-0.0008222245378419757	0.000249220262048766	-0.0016053387662395835	-0.0010336791165173054	-0.0014303326606750488	0.001645193318836391	0.00024143938207998872	0.0002499512047506869	0.0005941962590441108	-8.570891077397391e-05
-0.0015981625765562057	-0.0017703253543004394	0.0016306829638779163	-0.0011421723756939173	0.0022543338127434254	0.000929051311686635	0.0006892737583257258	0.0004811205144505948	-0.0014655705308541656	0.0014327021781355143	-0.001523695420473814	-2.2946733224671334e-05	-0.001292098080739379	0.0012601525522768497	-0.0016758110141381621	0.0011011584429070354	-0.0006117981392890215	-0.001779248588718474	-0.0005181604065001011	-0.0019251846242696047	0.00045754792517982423	0.0003603737859521061	0.002097700722515583	0.0010678377002477646	-0.0006570061668753624	-0.0019096995238214731	-0.0012129591777920723	0.0020146414171904325	-0.001663442817516625	0.0007452890858985484	0.0029372097924351692	-0.0008188684587366879	-0.00011701570474542677	0.0024797008372843266	-0.0002808259450830519	-0.0011105164885520935	0.0006092676776461303	-0.0006037690327502787	-0.0010263609001412988	0.0003016748232766986	-0.000108556923805736	-0.00014771564747206867	-0.0015673086745664477	-0.00016770369256846607	-0.0003961178590543568	0.0006336994119919837	0.00013497205509338528	0.00015471025835722685	-0.0009798179380595684	-0.0010962662054225802	-0.001593346823938191	0.0026491116732358932	-0.001125409035012126	0.0023298824671655893	-0.0008055211510509253	0.001289747771807015	0.002119155600667	-0.0008227498037740588	-0.00037858946598134935	-0.0020512640476226807	-0.0022580716758966446	0.0008580831927247345	-0.0004153386107645929	0.0013947623083367944	8.733345021028072e-05	0.0005034943460486829	0.00021929186186753213	0.00023864014656282961	-0.0013316996628418565	0.0009511550306342542	-0.0013731392100453377	0.00042296916944906116	-0.001765574561432004	-0.0015644211089238524	-0.0014698727754876018	0.0014874000335112214	-0.0010444909567013383	-2.5702594939502887e-05	0.0007282423321157694	0.0009206486283801496	0.0016579278744757175	-0.0011371959699317813	0.0004924500826746225	-0.0021092055831104517	-0.0007325978949666023	-0.0004375703865662217	0.0006124416249804199	-0.0027541678864508867	0.0002670939138624817	0.0008327956893481314	-0.0014947042800486088	0.00047324009938165545	0.001445456058718264	0.0006667289999313653	-6.68589782435447e-05	-0.0001749746734276414	-0.0007527534035034478	0.00035776986624114215	-0.0008225392084568739	0.0009365573059767485
0.0011287244269624352	-0.0024693775922060013	0.0009699658839963377	-0.0011794561287388206	-0.003106561256572604	0.0007293557864613831	0.0011272031115368009	-0.0019283669535070658	0.0014920930843800306	-0.001334051601588726	-0.0032858774065971375	-0.0008315371233038604	-0.0013766519259661436	0.00026281611644662917	-0.0014784109080210328	-0.00040318677201867104	-0.0003625823010224849	-0.0011831771116703749	-0.0012365429429337382	-0.0003625369572546333	0.001620223163627088	2.409969783911947e-05	0.0006319207022897899	0.0017843646928668022	-0.00043335830559954047	-0.0016747120535001159	-0.0026920968666672707	0.0008936085505411029	-0.001422837027348578	0.00039511159411631525	-0.002000166103243828	-0.001474388292990625	0.0005720215849578381	-0.00061769038438797	0.0009323099511675537	-0.0010261915158480406	0.0020207723136991262	-0.001551917870528996	0.0018174289725720882	0.00030018831603229046	-0.0002949687768705189	-0.0005373044405132532	-0.0026122017297893763	0.0015026576584205031	0.001440482446923852	-0.0016995402984321117	-0.0015597398160025477	0.0006692350143566728	-0.0010929584968835115	0.00018082986935041845	0.0013143668184056878	0.0019061474595218897	-0.0009227184345945716	-0.0015194590669125319	-0.0012585805961862206	0.0005783360102213919	-0.0008486881852149963	0.0017061386024579406	-0.0002864202542696148	0.0020601830910891294	-0.0012503460748121142	-0.0004511557053774595	-0.001590721309185028	0.0024806533474475145	0.0016792049864307046	-0.002173519693315029	0.002356354845687747	-0.0011771663557738066	0.0006168295512907207	-0.0019670859910547733	-0.000589215022046119	0.0005036930670030415	0.001662706141360104	0.0004677480028476566	-0.001531390124000609	-0.0002962789440061897	-0.0008537423564121127	-0.0028294038493186235	0.0010413068812340498	-0.0002608829236123711	-0.0016464005457237363	-0.0003634283202700317	0.0007190625183284283	-0.0013039185432717204	-0.0011523999273777008	-0.00046273571206256747	-2.0977025997126475e-05	-0.0024651542771607637	0.0007441426860168576	-0.002967060310766101	0.0012493157992139459	0.0019026445224881172	0.0015193830477073789	0.0002468918974045664	4.91434802825097e-05	0.0027398751117289066	-5.7405686675338075e-05	-0.001839986303821206	-0.0010886123636737466	-0.0025593964383006096
-9.658474300522357e-05	0.0004070806608069688	-0.0004290681390557438	-0.0006248587160371244	-9.526880603516474e-06	-0.0002004829002544284	-0.0004934659227728844	-0.0004906301037408412	-0.000500410096719861	-0.0012334369821473956	0.0011444995179772377	-0.0010094166500493884	-0.0002964839804917574	0.0018812448251992464	-0.0007188786985352635	0.0010188500164076686	0.0002174710825784132	0.0003408733755350113	0.0004403249768074602	-0.0010540866060182452	0.00023890315787866712	-0.0014142394065856934	0.0007859690231271088	0.0007601891411468387	-0.0008527837926521897	0.00019706919556483626	0.0005134282982908189	-7.532580639235675e-05	-1.1359747276173948e-07	-0.00021940006990917027	0.0014794286107644439	0.0010542497038841248	-0.00017527189629618078	0.001208592439070344	-0.0002974754315800965	1.6187437722692266e-05	-0.00017645055777393281	0.00021178774477448314	-0.0007274170056916773	0.0009329722379334271	0.0019282083958387375	0.0004669536428991705	-0.0013550939038395882	-0.0006889822543598711	0.0006454858812503517	-9.047894855029881e-05	-0.000566602626349777	0.0007653413922525942	-0.000627427245490253	-3.2007170375436544e-05	0.0005883160047233105	0.000689484179019928	0.0010555379558354616	-0.000632788403891027	-0.0007406144868582487	0.0003114193968940526	0.0005729100666940212	-0.001211038907058537	0.00022186583373695612	2.2135431208880618e-05	-0.0011135822860524058	-0.0013055738527327776	-0.00061639747582376	0.0007765134214423597	0.00040317088132724166	-0.00021707954874727875	-0.001263642217963934	-0.00012139810132794082	0.0018215286545455456	-0.00011316001473460346	-0.0009611697751097381	0.00019359664293006063	0.001045809593051672	-0.0004249125486239791	0.0002331129799131304	0.00012130624963901937	-7.732477388344705e-05	0.0007291061338037252	-0.0007102802046574652	0.0006325084250420332	-0.0012339323293417692	-0.0009355139336548746	-0.0010912001598626375	0.00011377976625226438	0.00011210219236090779	-9.164644143311307e-05	0.0007880583289079368	-0.0011541080893948674	-0.00033336409251205623	-0.0006188975530676544	-0.00016318894631695002	-0.0004459127667360008	-0.00015498332504648715	-0.0004803250776603818	0.0017309320392087102	2.2757154511054978e-05	0.0011270347749814391	-0.00022171676391735673	0.0003074101114179939	4.322650784160942e-05
-0.001919359085150063	-0.00013558536011260003	-0.0012106768554076552	-0.0004244031151756644	-0.0010965496767312288	0.0013664866564795375	-0.0004033846780657768	-0.0010007141390815377	-0.0012005832977592945	-0.0016242725541815162	-0.00010849381214939058	0.0005171910161152482	0.0008879326051101089	6.547082011820748e-05	0.0010976134799420834	0.0002023073611781001	0.0015424404991790652	-0.00038843072252348065	0.00023799734481144696	0.0006665459950454533	0.0007716911495663226	0.00016871889238245785	7.488868141081184e-05	0.00015965911734383553	0.001145069720223546	0.0010525942780077457	0.0007334132096730173	0.0006126504158601165	0.000481799419503659	-0.00034242752008140087	-0.0011877864599227905	0.0002007388393394649	2.497345849405974e-05	0.001903850701637566	0.0010535106994211674	-0.0007933475426398218	0.0025097131729125977	0.0005003344267606735	-0.0010763425379991531	0.00013328823843039572	0.0003617548500187695	0.00038883183151483536	-0.00018209453264717013	0.00026211931253783405	0.0007912861765362322	-0.00088025740114972	-0.0005877754301764071	-0.0006693791947327554	-0.0009280126541852951	-0.0007913346635177732	-0.0003455143014434725	0.0009640773059800267	0.0006901369197294116	0.0009649514686316252	-0.0007726401672698557	-0.00036042570718564093	-5.2337723900564015e-05	-0.0005065510631538928	0.000672296853736043	0.00041779797174967825	-0.0010208234889432788	0.00011866333079524338	0.00017926475265994668	0.0008249076781794429	0.0023315020371228456	-0.00013496054452843964	0.0008599106222391129	0.0005180854932405055	0.0013066964456811547	-0.0002062121347989887	0.000575826212298125	0.0007616232032887638	0.0008735801675356925	8.616891136625782e-05	0.001269325613975525	0.00040827918564900756	-0.0008853554609231651	-0.0003638738126028329	-0.0005287487292662263	0.0008595343097113073	0.0010343199828639627	0.0008366239489987493	0.0012656027683988214	0.0008876185747794807	-0.0008098187972791493	-0.0007595373317599297	0.00037679527304135263	0.0004653999349102378	0.000910078757442534	3.8100821257103235e-05	-0.0004560108354780823	0.0004182581906206906	-0.0016803175676614046	-0.0016549874562770128	-0.00028305521118454635	0.0021738552022725344	0.0005582772428169847	-0.0005239350139163435	0.0019029899267479777	-0.0009141982300207019
0.002126380568370223	-0.00021030714560765773	0.0015016526449471712	0.0024222834035754204	0.001877110917121172	0.00048670434625819325	-0.0005094439256936312	-0.0030256903264671564	0.001251534791663289	-0.00024174569989554584	-0.0023414429742842913	-0.002695566974580288	0.00043016381096094847	0.0007303031743504107	-0.00012229812273290008	0.0004376758588477969	0.0012361605186015368	-0.002155949827283621	0.0002139942516805604	0.00038697413401678205	-0.001543262624181807	0.002572758123278618	-0.00316068553365767	-0.0013039532350376248	-0.0010747951455414295	-0.0018799984827637672	-0.0043524568900465965	0.001918121473863721	0.0008976213866844773	-0.003790190676227212	0.0006816571112722158	-0.002587257418781519	0.004107743501663208	-0.0011767665855586529	0.0015532434917986393	-0.0028588282875716686	0.0017996301176026464	0.002448098501190543	-0.0004796200664713979	0.0001102067981264554	0.0007492800941690803	-0.0004967488930560648	-0.0009921339806169271	-0.0002642412728164345	0.00015563159831799567	0.003744314191862941	-0.00010005458170780912	0.002830333774909377	0.00030706412508152425	-0.00213065929710865	0.0031956001184880733	0.003633710090070963	0.0012388527393341064	-0.002037320053204894	0.0015029523056000471	-0.0011873103212565184	0.000242348643951118	0.0013166110729798675	-0.0029087341390550137	0.0009732052567414939	0.0014971785712987185	0.00018421259301248938	-0.0007810999522916973	0.00022807887580711395	0.0014637938002124429	0.0005375451291911304	-0.0006657550693489611	0.0013193038757890463	-0.001984457252547145	-0.0014623377937823534	-0.0006962461629882455	0.0007464051595889032	0.00040611610165797174	-0.0009947282960638404	0.0010461820056661963	0.00030437286477535963	0.0012361067347228527	-0.004190931096673012	0.0008995801908895373	0.00023162379511632025	1.8280189806318958e-06	-0.0021230699494481087	-0.0007855457370169461	0.0019090261776000261	-9.089053492061794e-05	0.0003510957467369735	0.002037489553913474	0.000502501439768821	-0.0027266808319836855	0.0007842810009606183	0.0006588220130652189	0.001934257335960865	0.0006027117487974465	0.0009115517023019493	0.001877609989605844	-0.001121964887715876	0.0006749344174750149	0.0008046525763347745	0.0027614901773631573	0.0003644848184194416
0.00013791541277896613	0.0010334416292607784	0.0008882616530172527	0.0006468670326285064	-0.0004030339769087732	0.003421278903260827	-0.001919434522278607	-0.001368795637972653	0.000652750488370657	0.0005974500672891736	-0.0004652624484151602	-4.430301487445831e-06	0.0015726810088381171	0.002092977985739708	-0.0034281890839338303	0.0010216441005468369	0.0017241643508896232	-0.001433849218301475	-0.0012536684516817331	0.0011874877382069826	-0.0014156857505440712	-0.0015652152942493558	0.002033037366345525	-0.0007171349716372788	0.0013772095553576946	-0.0008069779141806066	0.0023342601489275694	0.0007463535293936729	-0.0013907337561249733	0.0032011454459279776	-0.00046649729483760893	-0.0014829325955361128	-0.0014646543422713876	0.0017404588870704174	-0.0017186386976391077	0.001583650941029191	-0.00020993381622247398	8.926258306019008e-05	0.002455151407048106	-0.00042889179894700646	-0.0021353946067392826	-0.0001644301664782688	0.0012937922729179263	-0.00036796170752495527	-0.001960359513759613	0.00025594912585802376	-0.003249673405662179	0.000560560030862689	2.8666067009908147e-05	-0.0026251438539475203	0.0034805021714419127	0.0025487979874014854	0.0012346982257440686	0.00017168838530778885	-0.0005460643442347646	0.00043585203820839524	-0.00043214362813159823	-0.001284009893424809	0.0047004795633256435	-0.0004291487857699394	-0.00044962824904359877	-0.0013433813583105803	-0.0023433032911270857	0.0004035131714772433	-0.0017355452291667461	-0.0032665866892784834	-0.0002237827720819041	0.0004077019984833896	0.005057720933109522	0.0009212316363118589	-0.00203841645270586	0.00015141874609980732	0.0014608114724978805	-0.0021694020833820105	0.0003160045307595283	-0.0003095229039900005	0.0008890336030162871	0.0009729418670758605	-8.35233586258255e-05	-0.0009270738810300827	0.0008557212422601879	-0.0009864028543233871	0.00073103210888803	-0.0001690371718723327	-0.0010205591097474098	0.002305541653186083	-0.001601798227056861	7.912501314422116e-05	-0.0006658830679953098	-0.002394722541794181	0.0016129071591421962	-0.000567520153708756	0.0031320182606577873	0.0007815203862264752	0.0003805641899816692	-0.004628758877515793	-0.0010894552106037736	-0.0034572265576571226	0.0014786733081564307	0.0008706387015990913
5.662857438437641e-05	0.00043921376345679164	-0.0003581397177185863	0.0002264342037960887	-0.003459705039858818	0.0019529734272509813	-0.00015174734289757907	-0.0021741800010204315	-0.001767690060660243	0.0002617827558424324	-0.0005949255428276956	-0.000399595097405836	-0.001377530163154006	-0.00045892407069914043	0.0003691820602398366	0.0028839127626270056	-0.00037795183015987277	0.0005299420445226133	-0.0029061944223940372	0.0001760879677021876	0.000556908780708909	0.0007757682469673455	0.0017326116794720292	-0.0002927725436165929	0.0007102315430529416	0.0003897507267538458	-0.0009455327526666224	-0.0021128542721271515	-0.001180010847747326	4.2926181777147576e-05	-0.0015482947928830981	0.0010337525745853782	-0.000616238743532449	-0.001302788034081459	-0.00197556521743536	-0.0015302567044273019	-0.00389048270881176	-0.0015091700479388237	0.00018589200044516474	3.5893794120056555e-05	0.0013120598159730434	-0.00038459527422674	0.0026271373499184847	-0.00041207330650649965	0.000517131993547082	0.0005800632643513381	-0.002860807115212083	-0.0006515602581202984	-0.0004121800884604454	-0.001246442086994648	8.599235297879204e-05	0.0011563877342268825	0.0007415902218781412	-0.00022046113735996187	0.0031204556580632925	-2.7728858185582794e-05	-0.0002761798386927694	-0.0023596887476742268	-0.0011342376237735152	0.0011356838513165712	0.0019550335127860308	-0.0029458263888955116	0.0008752926369197667	0.0009526996873319149	0.0009864947060123086	-0.0010249564656987786	0.00013415594003163278	-0.0002845515264198184	0.0003332477936055511	-0.0025572164449840784	-0.000619920261669904	0.0006714281626045704	-0.0018605816876515746	-0.00022568150598090142	0.0027677747420966625	0.0022866108920425177	9.831985516939312e-05	0.0015001404099166393	0.0008392957970499992	0.0016122583765536547	-0.001203701482154429	0.0002526760217733681	-0.0035463443491607904	-0.0007959791691973805	-0.0022664321586489677	0.0014059568056836724	-0.0009398272377438843	-0.0005326619138941169	-0.0005912503693252802	0.0004907213151454926	-0.0002491854829713702	-0.002066903980448842	-0.0008949778275564313	0.002484366064891219	0.0019434491405263543	1.4542043572873808e-05	-0.0029492226894944906	0.00014460146485362202	-0.0008700769976712763	-0.0001577536022523418
0.00035167779424227774	0.0005733204307034612	0.0010745697654783726	-0.0011523006251081824	-0.0010235419031232595	0.0007210563635453582	0.0003149356634821743	0.00018279369396623224	-0.0012876208638772368	-0.0013210123870521784	0.0006680891965515912	-0.00044548421283252537	-0.0010100044310092926	0.0017068431479856372	-0.0002690966066438705	-0.0006471110391430557	-0.0017624287866055965	-9.208654228132218e-05	-0.0010189750464633107	-0.0009376304806210101	-0.0010142516111955047	-0.0008690107497386634	-0.0017267753137275577	0.0011663308832794428	-0.0011540170526131988	-0.0008792225271463394	-0.0016672287601977587	-0.0003849820059258491	-0.000626777415163815	-0.00016907566168811172	0.00012884940952062607	0.00017007648420985788	0.0018878348637372255	-0.0005993517697788775	0.0002599935105536133	-0.0005714997532777488	-0.0007936920155771077	-0.0007934914901852608	0.00014117287355475128	-0.0008830773876979947	0.00032670103246346116	0.00017065562133211643	-0.0007800525054335594	-8.048370364122093e-05	0.0016605522250756621	-0.0002451372565701604	0.0006199943600222468	0.0012940348824486136	0.0003131022385787219	0.0013859323225915432	0.0005445646238513291	0.000780243135523051	-0.0004896319005638361	-0.0008585010655224323	-0.0019447577651590109	-0.00017766117525752634	-0.00020856771152466536	-0.0006630750722251832	-0.0003168883849866688	-0.0007676020031794906	0.0002189248480135575	-0.00038283385219983757	-0.0008744497899897397	0.00010357461724197492	0.00012092293763998896	0.0006032015080563724	-0.0009617861942388117	0.00030676418100483716	0.0009786784648895264	0.00011861441453220323	-0.0012544160708785057	-0.000737457477953285	4.06629842473194e-05	0.0006375638186000288	-0.0007916055037640035	0.00017107458552345634	-0.00048715274897404015	-0.001379778841510415	0.0003921528987120837	0.001022969838231802	0.0003822410653810948	-0.00104199955239892	0.00021777741494588554	0.0012453286908566952	-4.277576590538956e-05	0.0005421185633167624	0.0018552837427705526	-0.00016496682655997574	0.00041013435111381114	-0.0005473631899803877	0.000417182658566162	0.0009982477640733123	9.136264998232946e-05	-0.0005080770351924002	0.000698090239893645	-0.0004399035533424467	0.0012684062821790576	-0.0012457399861887097	-0.0006893989630043507	0.000950835645198822
0.00033200596226379275	4.419676406541839e-05	0.00019923209038097411	2.2920355604583165e-06	-0.00020422041416168213	-0.0003716251812875271	0.0014655676204711199	0.0004575153288897127	0.0013068272965028882	-0.0012343879789113998	-0.0018909188220277429	0.00034027951187454164	-0.0007008766406215727	0.0016272889915853739	-0.0007623276906087995	0.0005215218407101929	-0.0008434923947788775	-0.00041032355511561036	-0.0013900536578148603	-0.0010364961344748735	-0.0006911928649060428	-0.0012409492628648877	-0.0017848092829808593	-0.0008604410686530173	-0.00015866218018345535	-0.00021343464322853833	1.7574766388861462e-05	-0.0001765955676091835	0.0008677372243255377	0.0013014256255701184	-0.0004991449532099068	0.0017045781714841723	-0.0012265699915587902	-0.0010846011573448777	8.532710489816964e-05	-0.001299961586482823	-0.000509717792738229	0.00038700137520208955	0.0007179683307185769	0.00031769354245625436	0.0005958157707937062	-0.00020861142547801137	-0.0012622798094525933	-0.0009795953519642353	-0.0009972655680030584	0.0006961540784686804	0.00039430332253687084	-4.0235809137811884e-05	0.002293018391355872	0.0016479060286656022	0.0014443107647821307	-0.00038710710941813886	0.0003502121544443071	0.0006048486684449017	-0.0015436637913808227	-0.001128102303482592	-0.0009352644556201994	-0.0007419732282869518	0.0012858505360782146	5.6004540965659544e-05	0.0005177014390937984	0.0009215255849994719	0.0003334737557452172	0.00017960047989618033	-0.0018004067242145538	-0.0008812624728307128	2.4698170818737708e-05	-4.776243440574035e-05	-0.0010032601421698928	-0.00064922432648018	-0.0005874751950614154	0.00016715980018489063	-0.00029370718402788043	0.0009353284258395433	-0.000833563506603241	0.0010443961946293712	-0.0002188041398767382	5.0677252147579566e-05	-0.0011530125048011541	0.0012167098466306925	0.0004078883503098041	-0.0008039527456276119	-0.0006999443867243826	0.0011869189329445362	0.0012378371320664883	-0.00046911792014725506	0.0005156951956450939	-0.0003802480350714177	0.0013254490913823247	9.42581900744699e-05	-0.0004003930662292987	0.00204077223315835	0.0004308017960283905	0.0009986136574298143	-0.00042776254122145474	0.0011118517722934484	0.00014309764083009213	0.0010023582726716995	0.0017096876399591565	-0.0012557293521240354
-0.00032374876900576055	0.0007520872168242931	0.0003328773891553283	0.0003788082394748926	0.0022078535985201597	0.0010839250171557069	0.001661641406826675	0.001073521445505321	-0.0007326544146053493	0.0008859125664457679	-0.0027997696306556463	-0.002152649685740471	-0.0017027861904352903	-0.002080889418721199	0.002137259114533663	0.0012124262284487486	0.0013895531883463264	0.0016965153627097607	0.0006801655981689692	0.00041243727901019156	-0.0005084726144559681	-0.00046361086424440145	0.0027430702466517687	-0.0014323755167424679	0.0026604796294122934	0.0019497330067679286	0.0002906972367782146	-3.194675809936598e-05	-0.0001713009551167488	0.0023025772534310818	-0.0016937812324613333	0.0007702959701418877	0.0010065488750115037	0.0006668181158602238	0.002082680119201541	-0.0012640539789572358	0.00018235028255730867	1.0177874543160215e-07	-0.0022036083973944187	-0.0001890583662316203	0.00013717285764869303	0.001539889955893159	0.0007657862734049559	-0.0013436953304335475	0.0008847617427818477	0.0005410137819126248	-0.00042817078065127134	0.0017842730740085244	-0.00032801617635414004	0.0006178919575177133	0.0002980083809234202	-0.0007724882452748716	-0.002255925675854087	0.0015719387447461486	0.0015155225992202759	0.0019514299929141998	-0.0005875410279259086	-0.00018281571101397276	-0.0007127791177481413	-0.0005141350557096303	-0.00046266941353678703	-2.373761344642844e-05	-0.0012827329337596893	0.0038894019089639187	0.003124863374978304	0.0018981670727953315	0.0016733219381421804	0.0008973241783678532	-0.0004526008851826191	-0.0020506205037236214	0.0010935935424640775	-0.001989584183320403	0.000856349419336766	0.00021377808297984302	-9.481947927270085e-05	0.002061667386442423	0.0007789067458361387	0.0023923609405755997	-0.00012724948464892805	0.0006312828045338392	0.0005970081547275186	-0.0020875020418316126	-0.001119730994105339	0.00018020070274360478	0.0031961477361619473	-0.00046338437823578715	0.0010615865467116237	-0.0009015471441671252	-0.0013773320242762566	0.0020502142142504454	-0.0009411908686161041	-0.0013662807177752256	0.0026337543968111277	-0.00131177285220474	-0.0023744951467961073	0.002206492703408003	-0.0011775033781304955	-0.0017172350781038404	0.00011184278264408931	0.0009379275143146515
-0.0012436375254765153	0.0015793067868798971	-0.0040410710498690605	-0.0011606562184169888	-0.0006276590283960104	0.003106404561549425	0.00043561309576034546	0.0002651571703609079	-0.00041181177948601544	0.00022983126109465957	0.0029138904064893723	5.6994729675352573e-05	-0.0029792948625981808	0.0012443382292985916	0.00014821719378232956	-0.002805862342938781	-5.2085903007537127e-05	-0.0002303007640875876	-0.0001800903701223433	0.000705119629856199	-0.0029393532313406467	-0.0002415598719380796	0.0032927775755524635	0.000868437287863344	0.0006652848096564412	0.0012832393404096365	0.0010863600764423609	-0.00227961502969265	0.0007134712650440633	0.0023353861179202795	0.00018056028056889772	0.000556685496121645	-0.001649599988013506	-0.003386786673218012	0.003439770545810461	0.0028209746815264225	-0.002880255226045847	0.0021783863194286823	0.002798172179609537	-0.0017479666275903583	-0.0003407602198421955	0.0004327715141698718	0.002379804849624634	0.0015435011591762304	4.643751890398562e-05	0.0010777065763249993	-0.0030369157902896404	-0.00039011065382510424	-0.0011479266686365008	0.0006016265251673758	0.0021430491469800472	0.0032540326938033104	-0.0019390351371839643	-0.002684906590729952	-0.0025953534059226513	-0.00183018296957016	-0.004257993306964636	-0.0004890367854386568	-0.0007457114406861365	0.002239078748971224	-0.0016000262694433331	-2.221099566668272e-05	-0.000548862386494875	0.0006216707988642156	-0.0020358406472951174	0.0032629496417939663	0.0010109411086887121	0.0005240073660388589	-0.0011651474051177502	0.0034068417735397816	0.0006612686556763947	-0.004475696478039026	-0.001037226989865303	0.0006956786382943392	0.0014492184855043888	-0.0005433261976577342	-0.00017178989946842194	0.0005731084384024143	-0.002029313473030925	0.00012645823881030083	7.531093433499336e-05	0.0004165536956861615	-0.0015182264614850283	0.0014169919304549694	0.0016728127375245094	-0.0020319954492151737	0.0009047614876180887	0.0009756491635926068	-0.0009073140099644661	-0.0010050395503640175	0.00012475554831326008	0.0015107401413843036	0.0014729658141732216	-0.0006324087735265493	-0.001378103974275291	0.0012483171885833144	0.0006235523615032434	-0.0007721561705693603	0.003872987348586321	-0.00039391545578837395
0.0001629718899494037	-0.0018986471695825458	8.197897841455415e-05	0.0007187211303971708	0.0007795143174007535	2.0097053493373096e-05	-0.0005323876393958926	-0.0005393546307459474	0.0005915933870710433	-0.0001585985446581617	-0.002208621008321643	0.0004173757915850729	0.0002735584566835314	-0.0002647906949277967	0.00026851234724745154	-0.0009609694825485349	0.0005245255306363106	-0.0007205725996755064	-0.0004775983397848904	0.001385729992762208	0.0005962041905149817	-0.0016081130597740412	-0.0005248664529062808	-0.00017920216487254947	-0.0014094333164393902	0.0012465028557926416	-0.0003608923580031842	-0.0010741567239165306	0.0017977511743083596	0.0013147493591532111	-0.001104624941945076	-0.0010777992429211736	0.00024967623176053166	0.0014785033417865634	0.0024726020637899637	-0.0014158340636640787	-0.00022947334218770266	-0.0003564626968000084	0.0022774580866098404	-0.000249077653279528	-0.002251826925203204	-0.000929161673411727	-0.0005167538183741271	0.00018595039728097618	0.001500528771430254	-0.0014456678181886673	-0.0013610778842121363	-0.0003462519671302289	0.0006081245956011117	-0.0002487403398845345	0.0007226588204503059	-0.0001244017039425671	0.00012398188118822873	0.00032527316943742335	0.0008360720821656287	-0.00014871453458908945	0.0005555201787501574	-0.00020420945656951517	0.001212939154356718	0.0026505161076784134	3.328109596623108e-05	0.00044077838538214564	-0.0007762319874018431	-0.0006439153221435845	0.0001609113096492365	0.0002971757494378835	0.0004022245411761105	-0.0004565058625303209	0.00020956639491487294	0.0010882534552365541	0.00023425758990924805	-0.0013635773211717606	0.0005945564480498433	-5.220093044044916e-06	0.0017315108561888337	-0.0005059789400547743	0.001087368349544704	-0.0009482582099735737	-0.0007350276573561132	-0.00018864718731492758	-0.0009327004081569612	-0.000615694560110569	-0.0005715395673178136	-0.0008721947087906301	-0.0009276101482100785	-0.000675827031955123	-0.00027176851290278137	0.0002685110957827419	0.00024726169067434967	-0.00017444678815081716	-0.0008089086622931063	-0.0015814787475392222	0.0008634268306195736	-0.00029977134545333683	-0.0005055668880231678	0.00011144307791255414	0.0004676035314332694	-0.0004473071894608438	0.0014337209286168218	-0.00018192165589425713
0.000321713974699378	-0.0058824168518185616	-0.0009771868353709579	0.0021615400910377502	-0.003767412155866623	-0.008163735270500183	0.0007118025096133351	0.00015258241910487413	0.005504709668457508	-0.0053282445296645164	-0.0006290030432865024	2.660104655660689e-06	-0.0012839431874454021	-0.0016635945066809654	-0.005281544756144285	-0.003102398943156004	-0.0076855141669511795	0.0030693986918777227	-0.0023976718075573444	-0.006925277411937714	0.0004307306371629238	-0.002922873478382826	-0.00038699107244610786	0.0017559948610141873	-0.0024985128547996283	0.0012543483171612024	0.0073170410469174385	0.0013020688202232122	0.0008702209452167153	0.00203656661324203	0.003822019789367914	0.0018088915385305882	-0.003138707485049963	-0.0035585081204771996	-0.006846153177320957	-0.003802018240094185	-0.007068559527397156	-0.00526428734883666	0.0016060443595051765	0.00900452770292759	-0.0038215727545320988	-0.005113230086863041	0.00839078240096569	-0.006507799960672855	-0.002762613585218787	-0.0006416302639991045	0.006133454851806164	-0.008374928496778011	-0.004546536132693291	-0.007002915721386671	0.006406100001186132	0.001479057827964425	-0.000622978899627924	-0.005168021656572819	-0.005249720066785812	-0.004239670932292938	0.0021724854595959187	-0.0019678170792758465	0.0034338305704295635	-0.0036338986828923225	-0.007607616018503904	0.00418118154630065	-0.0026737614534795284	0.006389525718986988	-0.0027696776669472456	0.0036688160616904497	-0.003546928521245718	-0.0006469306536018848	-0.0006517232395708561	-0.0011822613887488842	0.0021612304262816906	0.003462993074208498	-1.1832453310489655e-05	0.00012667420378420502	0.006016786675900221	-0.0020920708775520325	0.0022786054760217667	0.004225252196192741	0.004434594418853521	-0.0038846242241561413	0.0024312064051628113	0.0002123519079759717	-0.004415980074554682	0.00202615512534976	0.0017253677360713482	0.002540492918342352	0.0005303923971951008	0.0008187467465177178	-0.008496945723891258	0.000596311641857028	0.004080856218934059	-0.004050219431519508	0.0010874534491449594	-0.00918448343873024	-0.001182377221994102	0.005476202350109816	-0.000402802717871964	0.006884619127959013	-0.007643326185643673	0.002454363740980625
-0.00041376339504495263	0.001424920279532671	0.0007915640017017722	0.0009278032812289894	0.000335240998538211	-0.0009133717976510525	-0.001001329510472715	-0.0006366665475070477	-0.0016610281309112906	-0.0009013317758217454	-0.00045410843449644744	0.0022399623412638903	-0.001224337494932115	-0.0018735368503257632	-0.00027442732243798673	-0.0014809282729402184	0.0005687209195457399	0.0015996173024177551	0.001144379610195756	0.001216792850755155	-0.00031264606514014304	-0.0018731894670054317	0.0012159219477325678	0.00021504606411326677	0.00036040012491866946	0.00018872114014811814	0.0007758155115880072	0.0008894955972209573	-0.00021990427921991795	-0.00045529755880124867	-0.0008761098724789917	-0.0004248874611221254	0.0014509187312796712	0.0020760088227689266	0.0032439474016427994	0.0010538302594795823	-0.0015846866881474853	0.0010843704221770167	-0.002592972246930003	0.00020077409863006324	0.00011390929284971207	-0.0005217697471380234	0.0019855082500725985	-0.00012442957086022943	0.0015258706407621503	-0.0006936286808922887	0.0020886254496872425	-0.0020766512025147676	-0.0016412901459261775	3.2718107831897214e-05	0.0015822737477719784	0.00030541516025550663	0.00025250171893276274	0.000635559787042439	0.001923609059303999	-0.001583793549798429	-0.00012549565872177482	0.0028259309474378824	-0.000711392262019217	-0.0016422714106738567	0.0014924611896276474	-0.0005396516644395888	0.000987200066447258	0.0007777533610351384	-0.0011177243432030082	0.00030565643100999296	-0.0021455122623592615	0.0010212669149041176	0.002841715235263109	0.00048567651538178325	-7.713400009379257e-06	0.0012088631046935916	-0.00028732529608532786	0.001198365120217204	0.0009456343250349164	-4.276226900401525e-05	0.0014649851946160197	-0.0011327683459967375	-0.00019904049986507744	-0.0007459683693014085	-0.0015602385392412543	0.0013867021771147847	0.00042464883881621063	-0.0009576869197189808	-0.0002724556252360344	0.0007286474574357271	-0.001095892395824194	-0.002230077050626278	-0.0018948927754536271	0.0009575381991453469	-0.0003170040436089039	0.0012041970621794462	-0.0006520262104459107	-0.0014906181022524834	-0.0009404477314092219	0.0007038318435661495	-0.0007763150497339666	-0.000852622149977833	-0.000927352870348841	0.0012627310352399945
0.0017356047173961997	-0.0038951290771365166	0.0010852130362764	-0.001165336580015719	-0.0010131957242265344	0.0008017182117328048	0.00016606206190772355	0.0009474866092205048	-0.0012232192093506455	-0.0005736930179409683	0.0005563086597248912	0.0007125503616407514	0.0008405541302636266	0.001985325710847974	0.0010976812336593866	-0.001360071823000908	-6.619146734010428e-05	-0.0013088000705465674	-0.0022106943652033806	0.0018577955197542906	0.0012610532576218247	-0.0007714908570051193	-0.0010456342715770006	-0.00018529074441175908	0.001996740698814392	0.0004964937688782811	0.00019229653116781265	-0.00019671670452225953	0.001738687395118177	-0.0006227800622582436	0.0011553248623386025	0.0011984664015471935	-0.000328451773384586	0.0014286264777183533	-0.0017998880939558148	-0.0007651321357116103	-0.0014010535087436438	-0.0006621034117415547	0.000831521232612431	-0.0017116231610998511	-0.0007680711569264531	-0.0011433722684159875	-5.0107781135011464e-05	0.0006670986185781658	0.00017823957023210824	0.00012197020987514406	0.0009857835248112679	0.0023513927590101957	-0.0015322839608415961	-0.0009177757310681045	0.001237235963344574	-0.000642877072095871	-0.0014063006965443492	0.0005713689606636763	0.0004801581962965429	-0.0009436088730581105	-0.0015207699034363031	-0.002167328028008342	0.0015918962890282273	0.00016408968076575547	-0.002599002094939351	0.0009538987651467323	0.0026210304349660873	0.0016187659930437803	-0.00010266244498779997	-0.0003986606898251921	-0.0007021261262707412	-0.0003582866629585624	0.001088806428015232	0.002247063908725977	0.00078372354619205	-0.0021607514936476946	0.001661946065723896	0.0006095709977671504	-0.004118053708225489	-0.0012875726679340005	-0.0019131896551698446	-0.001279693329706788	0.00011857404751935974	-6.551970727741718e-05	0.0033984456676989794	-0.00042689626570791006	-0.000280549080343917	-0.00013241299893707037	0.0019770136568695307	-0.0012364728609099984	0.0004783827462233603	-0.0007051346474327147	0.0005223858170211315	-0.001990925520658493	-0.0006022844463586807	-0.001679551089182496	0.0006090886890888214	-0.0022315315436571836	0.0002561646979302168	-0.00173528294544667	-0.0018415908562019467	-2.4660153030708898e-06	-0.0014397170161828399	-0.0010691661154851317
0.0017042487161234021	0.0009770924225449562	-0.0024131492245942354	-0.0005483492277562618	0.0037905974313616753	0.0012890505604445934	0.002207325305789709	0.005224025342613459	-0.0025340367574244738	0.000226978023420088	-0.0014504737919196486	0.003200781298801303	0.001839172444306314	0.0010609080782160163	-0.0005936229135841131	0.0015215937746688724	0.002019440056756139	0.00021476924302987754	0.0022974188905209303	0.0002868312003556639	-0.0015941360034048557	0.0028821637388318777	0.0021877188701182604	0.0018040317809209228	-0.0023462874814867973	-0.0010891817510128021	-0.0014520888216793537	-0.0016650357283651829	0.000293590099317953	0.004366783425211906	-0.0037476466968655586	0.0032054458279162645	0.0015903086168691516	0.0014238889561966062	-0.0024263535160571337	-0.0009489965159446001	-0.00036621029721572995	-0.0031478027813136578	0.0012695412151515484	0.0035534417256712914	-0.0008996516698971391	0.0006056547863408923	0.0020887055434286594	-0.0019199686357751489	-0.0033248914405703545	0.00278605823405087	0.002998598152771592	-0.000994611531496048	0.0019418059382587671	0.0009125486249104142	0.0007683433941565454	0.00016532662266399711	-0.004439512267708778	0.0010283602168783545	-0.0015750115271657705	-0.004965083207935095	0.001751071191392839	0.0022887280210852623	-8.844039257382974e-05	-0.0008494170615449548	-0.00012791981862392277	0.002526979660615325	-0.0006969078094698489	0.0010988354915753007	0.0019151141168549657	0.0003550181572791189	-0.00020242224854882807	-0.0023505871649831533	-0.000871525437105447	0.0011164754396304488	0.00034792025689966977	-0.00037945687654428184	0.0026387537363916636	0.0012055528350174427	-0.0017689135856926441	-0.0032871935982257128	-0.0015705139376223087	0.00020619150018319488	-0.001498164958320558	-0.0009176597814075649	-0.0003215120523236692	-0.0009376133675687015	-0.0006991269183345139	-0.0018928464269265532	0.0021805702708661556	0.001729652751237154	0.0021384386345744133	0.00011950452608289197	-0.0013383433688431978	0.00034853111719712615	-0.002295789076015353	-0.001787648187018931	-5.155269718670752e-06	0.00033252377761527896	-0.0013151387684047222	-8.849886216921732e-05	0.00022153610188979656	0.003965539857745171	-0.0008295306470245123	0.0006504946504719555
-0.00041537045035511255	0.0010200816905125976	0.0005793938180431724	0.0008146163891069591	0.00011877094948431477	0.0006519532762467861	-0.0008912481716834009	0.001451401156373322	-0.0002849090378731489	0.00011752171121770516	-0.0004028223629575223	0.00045890326146036386	0.0005337706534191966	0.0007875804440118372	0.0006355351652018726	0.0006783290882594883	-0.0002903856511693448	-0.0015750558814033866	0.00041007486288435757	0.0003672553866636008	0.0005107291508466005	3.641831426648423e-05	0.00012270391744095832	0.00016789276560302824	0.00016846877406351268	-0.0014526410959661007	-0.0014657354913651943	-0.0008197125280275941	0.00020936719374731183	0.00011519058170961216	0.0007335442351177335	0.00026920504751615226	0.0004033925652038306	-0.0003699371009133756	-0.0009707520366646349	0.000966960855294019	0.0003389738267287612	0.000943841296248138	-0.00021611260308418423	-0.0017856514314189553	0.0002697160525713116	0.0014880774542689323	0.0008197951829060912	-0.0005264807841740549	-0.000162994721904397	0.0005527596222236753	-0.0007872482528910041	-0.00016366275667678565	0.0006367831956595182	0.001379332970827818	0.0004803637566510588	-0.000359419354936108	0.0009925492340698838	0.001361437258310616	0.0006959588499739766	-0.000772483937907964	-3.421970905037597e-05	-0.0006498925504274666	0.000991943757981062	0.0010503673693165183	0.0003753867349587381	-0.0007900964701548219	0.0011680525494739413	0.0008219114970415831	0.0016458636382594705	0.00012775561481248587	0.0004892845172435045	-0.0003947652585338801	-0.0007812672411091626	0.00018047841149382293	-0.00033568291109986603	-0.0015043101739138365	0.0007312537054531276	-0.000521119509357959	0.0030538325663655996	-0.00045445869909599423	-0.0007695446838624775	-0.0011482690460979939	-0.0002906736917793751	1.1858044672408141e-05	0.0009411401115357876	-0.0003097226726822555	0.0007061337237246335	-0.0001738283463055268	0.0008860030211508274	0.0011490511242300272	0.00041593037894926965	0.00037992940633557737	-0.0008264164789579809	-0.00025255963555537164	-0.0009461282752454281	-0.0019371790112927556	0.00026313698617741466	-0.0010446937521919608	0.0010515725007280707	-0.00032799658947624266	0.00042044438305310905	-0.00024044877500273287	-0.0005472679622471333	-0.0010634749196469784
0.00038277890416793525	-0.0017830664291977882	0.0005631142412312329	0.0011372275184839964	-0.00025168503634631634	0.001342992763966322	-0.0006384903099387884	0.00177008134778589	0.00012740360398311168	-0.000680100463796407	-0.0027880335692316294	-0.0001867858663899824	-0.0010497488547116518	-0.0011883850675076246	0.0005390556761994958	-0.0010170508176088333	-5.096330278320238e-05	-0.0008943667635321617	-0.0023924210108816624	-0.00018403217836748809	0.0010206380393356085	-0.0010385600617155433	6.523056799778715e-05	0.0006484863115474582	0.0014984457520768046	-0.00126481126062572	0.0010275444947183132	-0.0006366231245920062	-0.0031426167115569115	0.0015478139976039529	-0.0007597264484502375	-0.0014041750691831112	6.75686533213593e-05	-0.001385308220051229	0.00013189118180889636	0.00028729758923873305	-0.002622066531330347	-0.0031432390678673983	0.0004703471786342561	0.0008788059931248426	-0.000547256669960916	-0.004170496482402086	-0.00036767765413969755	-0.0015174561413004994	0.0016728529008105397	0.00253458134829998	0.0027289201971143484	-0.0008630590746179223	0.0023271730169653893	0.0006972280098125339	0.003641438903287053	0.002951656933873892	-0.0012616297462955117	6.618670158786699e-05	0.0005070166080258787	-0.003046165918931365	-0.001648135599680245	0.0006629882846027613	-0.0005176512058824301	-0.0005343264783732593	0.0008141589933075011	0.0008230931707657874	-0.00033927083131857216	-0.004729224368929863	0.00249085552059114	-0.003242755075916648	-0.0034503168426454067	-0.0008367153932340443	7.04429839970544e-05	-0.002568208146840334	0.0014598508132621646	-0.001210549846291542	-0.0016318467678502202	-0.001059297239407897	-0.0031998087652027607	0.000991765409708023	0.0018232306465506554	-0.003528422676026821	0.00034768800833262503	0.00048356596380472183	0.004281281493604183	0.0018030754290521145	0.0008724255603738129	-0.00381496106274426	-0.0015686259139329195	0.0005346486577764153	0.0007952878368087113	-0.00031508406391367316	-0.0032575505319982767	-0.0041696541011333466	0.0021974993869662285	-0.0015855026431381702	-0.0017350652487948537	-0.0021231770515441895	0.0016730393981561065	0.0002070837072096765	0.0014174791285768151	0.00024092092644423246	-0.00020344482618384063	-0.0007467993418686092
0.0003457328712102026	0.0015620187623426318	0.0008169893990270793	-0.0009470164077356458	-0.0011244245106354356	-0.0003060138551518321	0.0008518288377672434	-3.654874262792873e-06	0.001060393755324185	0.00017744782962836325	-0.001230031717568636	0.0012715955963358283	-0.0006276881322264671	-0.0010503497906029224	0.0016627633012831211	0.00013141013914719224	0.0015710815787315369	-0.0005185158224776387	-0.00020086696895305067	-0.0026241654995828867	-0.0002986722392961383	0.0012446348555386066	-0.0010430518304929137	-0.0005014343187212944	0.0011571652721613646	0.0009407704346813262	-0.00020168285118415952	-0.0003208567504771054	0.0001246528554474935	-6.565790681634098e-05	-0.00011888367589563131	-0.0012452276423573494	0.001522779930382967	-0.00017003229004330933	-0.0005596954142674804	-0.0002721994533203542	0.00026703524054028094	0.0006790738552808762	0.0004199363465886563	0.0007077475311234593	0.00043953355634585023	-0.00016600382514297962	0.0003986094379797578	0.0010784666519612074	-0.00028712922357954085	0.0011389984283596277	-0.002383936196565628	-0.0009766037110239267	-0.0005057398229837418	0.0003305174468550831	0.0002641750033944845	-0.0006103146588429809	0.0004854723229072988	-0.0004108709399588406	-0.00046080409083515406	-0.0004251079517416656	2.3216759359456773e-07	0.000932417344301939	-0.0010756505653262138	-0.00033376648207195103	0.0013495910679921508	0.000523102527949959	-0.001011996646411717	0.0008664378547109663	0.0007107931887730956	0.0002932332281488925	0.0008584879687987268	-0.0026956491637974977	0.0012233270099386573	-2.6730031095212325e-05	0.0007146602147258818	0.00010491903958609328	-0.0006729571614414454	-0.0012836784590035677	-0.0014309849357232451	-0.0001666400785325095	9.290230082115158e-05	-0.0016109778080135584	0.0007792261894792318	0.0004999854136258364	-0.00044469418935477734	0.0008103927248157561	0.00038175631198100746	0.001331121544353664	6.846415635664016e-05	-6.92927060299553e-05	-0.0011043670820072293	0.0007496359758079052	-0.0011751966085284948	0.0006321576656773686	4.2459159885765985e-05	0.0007413554703816772	-0.0007026908569969237	0.000663281767629087	-0.00036574574187397957	0.0005103358998894691	0.00033580829040147364	0.0007908099214546382	-0.001969339791685343	-0.0012935580452904105
0.001103790826164186	0.00022621947573497891	0.0011315050069242716	-0.0013557825004681945	0.000887074158526957	0.0017171723302453756	0.0007810952956788242	-0.00038254159153439105	0.0016836669528856874	0.000740822812076658	0.000898041354957968	-0.0009002680890262127	0.0004504327953327447	0.0014644644688814878	-0.0005364180542528629	0.001616540364921093	0.0008683216292411089	-0.0015785492723807693	0.0014267624355852604	0.002223560819402337	-0.0003702307294588536	-0.0016782605089247227	1.7686084902379662e-05	-0.00018688634736463428	-0.0004952973686158657	-0.0008277894812636077	-0.0011659192387014627	-0.0019398520234972239	-0.0006813876680098474	7.892115536378697e-05	0.0003641095827333629	-0.000323516724165529	-0.0007195138605311513	0.0009200405329465866	-0.001233269227668643	-0.0006331393378786743	-0.00014591657964047045	-5.160960790817626e-05	0.00015195603191386908	0.0014328272081911564	0.001883789082057774	0.001199827529489994	-0.0013998305657878518	-0.00023760324984323233	-0.0009558802703395486	-0.00012633416918106377	0.0008787390543147922	0.0001358368608634919	0.00019220520334783942	0.0010074706515297294	-0.0013483579969033599	0.00014002456737216562	0.0010603256523609161	-0.0020239881705492735	-0.00028622199897654355	-0.0009722915710881352	0.0005739016341976821	0.0010265057208016515	9.55323557718657e-05	0.0006642148364335299	-0.0020333020947873592	-0.001232427777722478	0.0017778889741748571	0.000876153411809355	-0.0015032056253403425	0.0026761756744235754	-7.343302422668785e-05	-0.0002737600589171052	-0.0010283912997692823	0.0011801925720646977	0.0004344665794633329	0.0008266838849522173	-0.00025081593776121736	-0.0016822665929794312	-0.0021272662561386824	-0.0011520262341946363	0.0009908390929922462	-0.0015980018069967628	-0.0007385532953776419	-0.00010202148405369371	-0.0002736459136940539	-0.0007455396116711199	0.001511359354481101	-0.000711849716026336	0.001339695299975574	0.0005793147720396519	0.0010859478497877717	-0.0009591846028342843	-0.0025051087141036987	0.0015261521330103278	0.00022788492788095027	-0.0006794801447540522	0.00031879835296422243	0.0022213575430214405	0.0006341067492030561	0.00139674823731184	-8.277202869066969e-05	0.0019358384888619184	-0.0013625433202832937	0.00031793516245670617
